powerID,active,powerName,powerType,difficulty,startingLvl,powerDesc,powerExample,powerChoiceText,powerExtrasText
PWR001,false,ABILITY BOOST,Alteration,,,,,,
PWR002,true,ABSORPTION,Defensive,3,4,Absorb specific attacks or energy                      ,"Lorem ipsum dolor sit amet, consectetur adipiscing elit. Praesent eu pharetra justo, eu pulvinar libero. Sed mollis vestibulum nisl sodales volutpat. Integer luctus mauris nec massa suscipit efficitur. Cras rhoncus vestibulum erat quis scelerisque. Quisque commodo arcu porttitor tempus imperdiet. Phasellus vel est scelerisque lorem blandit pharetra at eget massa. Vivamus posuere velit in libero ornare placerat. Etiam justo dui, consequat vel nunc ut, egestas sodales ante. Ut vitae turpis lacinia, consequat velit eget, faucibus ex.","

This power requires you to make those choices during character creation :

Choose one of the following sources of harm : Bashing/Blasting, Cold, Corrosive, Electricity, Heat,  Radiation, Slashing/Shooting. This is source that you can absorb.

Chose on of the following : Ability Boost, Healing, Blast. This power You can charge with your absorbtion. ","During character creation or later during character development you can take specific extra efftect:

Broad : You can choose aditional source you can harm or additional power You can charge"
PWR003,true,ADAPTATION,Defensive,2,5,Adapt to hazardous environments                        ,"Lorem ipsum dolor sit amet, consectetur adipiscing elit. Praesent eu pharetra justo, eu pulvinar libero. Sed mollis vestibulum nisl sodales volutpat. Integer luctus mauris nec massa suscipit efficitur. Cras rhoncus vestibulum erat quis scelerisque. Quisque commodo arcu porttitor tempus imperdiet. Phasellus vel est scelerisque lorem blandit pharetra at eget massa. Vivamus posuere velit in libero ornare placerat. Etiam justo dui, consequat vel nunc ut, egestas sodales ante. Ut vitae turpis lacinia, consequat velit eget, faucibus ex.",,
PWR004,true,AFFLICTION,Offensive,2,4,"Inflict disease, toxin, energy drain, magic curse of some other long-lasting debilitating condion","Lorem ipsum dolor sit amet, consectetur adipiscing elit. Praesent eu pharetra justo, eu pulvinar libero. Sed mollis vestibulum nisl sodales volutpat. Integer luctus mauris nec massa suscipit efficitur. Cras rhoncus vestibulum erat quis scelerisque. Quisque commodo arcu porttitor tempus imperdiet. Phasellus vel est scelerisque lorem blandit pharetra at eget massa. Vivamus posuere velit in libero ornare placerat. Etiam justo dui, consequat vel nunc ut, egestas sodales ante. Ut vitae turpis lacinia, consequat velit eget, faucibus ex.",,
PWR005,true,ALTER EGO,Alteration,5,3,Transform into a different character with different set of attributes and powers                  ,"Lorem ipsum dolor sit amet, consectetur adipiscing elit. Praesent eu pharetra justo, eu pulvinar libero. Sed mollis vestibulum nisl sodales volutpat. Integer luctus mauris nec massa suscipit efficitur. Cras rhoncus vestibulum erat quis scelerisque. Quisque commodo arcu porttitor tempus imperdiet. Phasellus vel est scelerisque lorem blandit pharetra at eget massa. Vivamus posuere velit in libero ornare placerat. Etiam justo dui, consequat vel nunc ut, egestas sodales ante. Ut vitae turpis lacinia, consequat velit eget, faucibus ex.",,
PWR006,true,ALTERNATE FORM: ENERGY,Alteration,4,3,"Transform into living energy form, possibly granting yourself multiple other powers             ","Lorem ipsum dolor sit amet, consectetur adipiscing elit. Praesent eu pharetra justo, eu pulvinar libero. Sed mollis vestibulum nisl sodales volutpat. Integer luctus mauris nec massa suscipit efficitur. Cras rhoncus vestibulum erat quis scelerisque. Quisque commodo arcu porttitor tempus imperdiet. Phasellus vel est scelerisque lorem blandit pharetra at eget massa. Vivamus posuere velit in libero ornare placerat. Etiam justo dui, consequat vel nunc ut, egestas sodales ante. Ut vitae turpis lacinia, consequat velit eget, faucibus ex.","
This power requires you to make those choices during character creation :

Chose on of the following powers as basic power of Energy form. Add this power to your list at your final Energy Form power lvl.  You can buy more powers from this list (or ask GM for another) as Extra and add them at your final Energy Form power lvl -1  : Blast (energy variant), Adaptation, Absobtion (energy variant)....",
PWR007,false,ALTERNATE FORM: EXPLOSIVE,Alteration,3,4,"Lorem ipsum dolor sit amet, consectetur adipiscing elit. Praesent eu pharetra justo, eu pulvinar libero. Sed mollis vestibulum nisl sodales volutpat. Integer luctus mauris nec massa suscipit efficitur. Cras rhoncus vestibulum erat quis scelerisque. Quisque commodo arcu porttitor tempus imperdiet. Phasellus vel est scelerisque lorem blandit pharetra at eget massa. Vivamus posuere velit in libero ornare placerat. Etiam justo dui, consequat vel nunc ut, egestas sodales ante. Ut vitae turpis lacinia, consequat velit eget, faucibus ex.","Lorem ipsum dolor sit amet, consectetur adipiscing elit. Praesent eu pharetra justo, eu pulvinar libero. Sed mollis vestibulum nisl sodales volutpat. Integer luctus mauris nec massa suscipit efficitur. Cras rhoncus vestibulum erat quis scelerisque. Quisque commodo arcu porttitor tempus imperdiet. Phasellus vel est scelerisque lorem blandit pharetra at eget massa. Vivamus posuere velit in libero ornare placerat. Etiam justo dui, consequat vel nunc ut, egestas sodales ante. Ut vitae turpis lacinia, consequat velit eget, faucibus ex.",,
PWR008,true,ALTERNATE FORM: FLUID,Alteration,3,4,"Lorem ipsum dolor sit amet, consectetur adipiscing elit. Praesent eu pharetra justo, eu pulvinar libero. Sed mollis vestibulum nisl sodales volutpat. Integer luctus mauris nec massa suscipit efficitur. Cras rhoncus vestibulum erat quis scelerisque. Quisque commodo arcu porttitor tempus imperdiet. Phasellus vel est scelerisque lorem blandit pharetra at eget massa. Vivamus posuere velit in libero ornare placerat. Etiam justo dui, consequat vel nunc ut, egestas sodales ante. Ut vitae turpis lacinia, consequat velit eget, faucibus ex.","Lorem ipsum dolor sit amet, consectetur adipiscing elit. Praesent eu pharetra justo, eu pulvinar libero. Sed mollis vestibulum nisl sodales volutpat. Integer luctus mauris nec massa suscipit efficitur. Cras rhoncus vestibulum erat quis scelerisque. Quisque commodo arcu porttitor tempus imperdiet. Phasellus vel est scelerisque lorem blandit pharetra at eget massa. Vivamus posuere velit in libero ornare placerat. Etiam justo dui, consequat vel nunc ut, egestas sodales ante. Ut vitae turpis lacinia, consequat velit eget, faucibus ex.",,
PWR009,true,ALTERNATE FORM : GASEOUS,Alteration,3,4,"Lorem ipsum dolor sit amet, consectetur adipiscing elit. Praesent eu pharetra justo, eu pulvinar libero. Sed mollis vestibulum nisl sodales volutpat. Integer luctus mauris nec massa suscipit efficitur. Cras rhoncus vestibulum erat quis scelerisque. Quisque commodo arcu porttitor tempus imperdiet. Phasellus vel est scelerisque lorem blandit pharetra at eget massa. Vivamus posuere velit in libero ornare placerat. Etiam justo dui, consequat vel nunc ut, egestas sodales ante. Ut vitae turpis lacinia, consequat velit eget, faucibus ex.","Lorem ipsum dolor sit amet, consectetur adipiscing elit. Praesent eu pharetra justo, eu pulvinar libero. Sed mollis vestibulum nisl sodales volutpat. Integer luctus mauris nec massa suscipit efficitur. Cras rhoncus vestibulum erat quis scelerisque. Quisque commodo arcu porttitor tempus imperdiet. Phasellus vel est scelerisque lorem blandit pharetra at eget massa. Vivamus posuere velit in libero ornare placerat. Etiam justo dui, consequat vel nunc ut, egestas sodales ante. Ut vitae turpis lacinia, consequat velit eget, faucibus ex.",,
PWR010,false,ALTERNATE FORM: SHADOW,Alteration,3,4,"Lorem ipsum dolor sit amet, consectetur adipiscing elit. Praesent eu pharetra justo, eu pulvinar libero. Sed mollis vestibulum nisl sodales volutpat. Integer luctus mauris nec massa suscipit efficitur. Cras rhoncus vestibulum erat quis scelerisque. Quisque commodo arcu porttitor tempus imperdiet. Phasellus vel est scelerisque lorem blandit pharetra at eget massa. Vivamus posuere velit in libero ornare placerat. Etiam justo dui, consequat vel nunc ut, egestas sodales ante. Ut vitae turpis lacinia, consequat velit eget, faucibus ex.","Lorem ipsum dolor sit amet, consectetur adipiscing elit. Praesent eu pharetra justo, eu pulvinar libero. Sed mollis vestibulum nisl sodales volutpat. Integer luctus mauris nec massa suscipit efficitur. Cras rhoncus vestibulum erat quis scelerisque. Quisque commodo arcu porttitor tempus imperdiet. Phasellus vel est scelerisque lorem blandit pharetra at eget massa. Vivamus posuere velit in libero ornare placerat. Etiam justo dui, consequat vel nunc ut, egestas sodales ante. Ut vitae turpis lacinia, consequat velit eget, faucibus ex.",,
PWR011,true,ALTERNATE FORM: SOLID,Alteration,3,4,"Lorem ipsum dolor sit amet, consectetur adipiscing elit. Praesent eu pharetra justo, eu pulvinar libero. Sed mollis vestibulum nisl sodales volutpat. Integer luctus mauris nec massa suscipit efficitur. Cras rhoncus vestibulum erat quis scelerisque. Quisque commodo arcu porttitor tempus imperdiet. Phasellus vel est scelerisque lorem blandit pharetra at eget massa. Vivamus posuere velit in libero ornare placerat. Etiam justo dui, consequat vel nunc ut, egestas sodales ante. Ut vitae turpis lacinia, consequat velit eget, faucibus ex.","Lorem ipsum dolor sit amet, consectetur adipiscing elit. Praesent eu pharetra justo, eu pulvinar libero. Sed mollis vestibulum nisl sodales volutpat. Integer luctus mauris nec massa suscipit efficitur. Cras rhoncus vestibulum erat quis scelerisque. Quisque commodo arcu porttitor tempus imperdiet. Phasellus vel est scelerisque lorem blandit pharetra at eget massa. Vivamus posuere velit in libero ornare placerat. Etiam justo dui, consequat vel nunc ut, egestas sodales ante. Ut vitae turpis lacinia, consequat velit eget, faucibus ex.",,
PWR012,true,AQUATIC,Alteration,3,4, Function equally well underwater and on land           ,"Lorem ipsum dolor sit amet, consectetur adipiscing elit. Praesent eu pharetra justo, eu pulvinar libero. Sed mollis vestibulum nisl sodales volutpat. Integer luctus mauris nec massa suscipit efficitur. Cras rhoncus vestibulum erat quis scelerisque. Quisque commodo arcu porttitor tempus imperdiet. Phasellus vel est scelerisque lorem blandit pharetra at eget massa. Vivamus posuere velit in libero ornare placerat. Etiam justo dui, consequat vel nunc ut, egestas sodales ante. Ut vitae turpis lacinia, consequat velit eget, faucibus ex.",,"During character creation or later during character development you can take specific extra efftect:
Aquatic Power :  Prowess and Strength also increase to your Aquatic level or gain 1 level (whichever is greater) while you are underwater."
PWR013,true,AURA,Offensive,3,4,"Surrounds you with a damaging effect such as electricity dischrage, spinning blades etc.                    ","Lorem ipsum dolor sit amet, consectetur adipiscing elit. Praesent eu pharetra justo, eu pulvinar libero. Sed mollis vestibulum nisl sodales volutpat. Integer luctus mauris nec massa suscipit efficitur. Cras rhoncus vestibulum erat quis scelerisque. Quisque commodo arcu porttitor tempus imperdiet. Phasellus vel est scelerisque lorem blandit pharetra at eget massa. Vivamus posuere velit in libero ornare placerat. Etiam justo dui, consequat vel nunc ut, egestas sodales ante. Ut vitae turpis lacinia, consequat velit eget, faucibus ex.",,
PWR014,true,BINDING,Offensive,3,4, Binds or traps targets at extended range                ,"Lorem ipsum dolor sit amet, consectetur adipiscing elit. Praesent eu pharetra justo, eu pulvinar libero. Sed mollis vestibulum nisl sodales volutpat. Integer luctus mauris nec massa suscipit efficitur. Cras rhoncus vestibulum erat quis scelerisque. Quisque commodo arcu porttitor tempus imperdiet. Phasellus vel est scelerisque lorem blandit pharetra at eget massa. Vivamus posuere velit in libero ornare placerat. Etiam justo dui, consequat vel nunc ut, egestas sodales ante. Ut vitae turpis lacinia, consequat velit eget, faucibus ex.",,
PWR015,true,BLAST,Offensive,3,4, Projects a damaging attack at extended range            ,"Lorem ipsum dolor sit amet, consectetur adipiscing elit. Praesent eu pharetra justo, eu pulvinar libero. Sed mollis vestibulum nisl sodales volutpat. Integer luctus mauris nec massa suscipit efficitur. Cras rhoncus vestibulum erat quis scelerisque. Quisque commodo arcu porttitor tempus imperdiet. Phasellus vel est scelerisque lorem blandit pharetra at eget massa. Vivamus posuere velit in libero ornare placerat. Etiam justo dui, consequat vel nunc ut, egestas sodales ante. Ut vitae turpis lacinia, consequat velit eget, faucibus ex.",,
PWR016,true,DANGER SENSE,Control,3,4, Sixth sense for imminent danger                        ,"Lorem ipsum dolor sit amet, consectetur adipiscing elit. Praesent eu pharetra justo, eu pulvinar libero. Sed mollis vestibulum nisl sodales volutpat. Integer luctus mauris nec massa suscipit efficitur. Cras rhoncus vestibulum erat quis scelerisque. Quisque commodo arcu porttitor tempus imperdiet. Phasellus vel est scelerisque lorem blandit pharetra at eget massa. Vivamus posuere velit in libero ornare placerat. Etiam justo dui, consequat vel nunc ut, egestas sodales ante. Ut vitae turpis lacinia, consequat velit eget, faucibus ex.",,
PWR017,true,DAZZLE,Offensive,3,4, Overwhelms one of the target's senses                   ,"Lorem ipsum dolor sit amet, consectetur adipiscing elit. Praesent eu pharetra justo, eu pulvinar libero. Sed mollis vestibulum nisl sodales volutpat. Integer luctus mauris nec massa suscipit efficitur. Cras rhoncus vestibulum erat quis scelerisque. Quisque commodo arcu porttitor tempus imperdiet. Phasellus vel est scelerisque lorem blandit pharetra at eget massa. Vivamus posuere velit in libero ornare placerat. Etiam justo dui, consequat vel nunc ut, egestas sodales ante. Ut vitae turpis lacinia, consequat velit eget, faucibus ex.",,
PWR018,true,DENSITY,Alteration,3,4, Increase or decrease body density                       ,"Lorem ipsum dolor sit amet, consectetur adipiscing elit. Praesent eu pharetra justo, eu pulvinar libero. Sed mollis vestibulum nisl sodales volutpat. Integer luctus mauris nec massa suscipit efficitur. Cras rhoncus vestibulum erat quis scelerisque. Quisque commodo arcu porttitor tempus imperdiet. Phasellus vel est scelerisque lorem blandit pharetra at eget massa. Vivamus posuere velit in libero ornare placerat. Etiam justo dui, consequat vel nunc ut, egestas sodales ante. Ut vitae turpis lacinia, consequat velit eget, faucibus ex.",,
PWR019,true,DETECTION,Sensory,3,4, Detect a specific thing at visual range                 ,"Lorem ipsum dolor sit amet, consectetur adipiscing elit. Praesent eu pharetra justo, eu pulvinar libero. Sed mollis vestibulum nisl sodales volutpat. Integer luctus mauris nec massa suscipit efficitur. Cras rhoncus vestibulum erat quis scelerisque. Quisque commodo arcu porttitor tempus imperdiet. Phasellus vel est scelerisque lorem blandit pharetra at eget massa. Vivamus posuere velit in libero ornare placerat. Etiam justo dui, consequat vel nunc ut, egestas sodales ante. Ut vitae turpis lacinia, consequat velit eget, faucibus ex.",,
PWR020,true,DUPLICATION,Alteration,3,4, Produce duplicates of yourself                          ,"Lorem ipsum dolor sit amet, consectetur adipiscing elit. Praesent eu pharetra justo, eu pulvinar libero. Sed mollis vestibulum nisl sodales volutpat. Integer luctus mauris nec massa suscipit efficitur. Cras rhoncus vestibulum erat quis scelerisque. Quisque commodo arcu porttitor tempus imperdiet. Phasellus vel est scelerisque lorem blandit pharetra at eget massa. Vivamus posuere velit in libero ornare placerat. Etiam justo dui, consequat vel nunc ut, egestas sodales ante. Ut vitae turpis lacinia, consequat velit eget, faucibus ex.",,
PWR021,true,ELEMENT CONTROL: AIR,Control,3,4, Command a particular element                            ,"Lorem ipsum dolor sit amet, consectetur adipiscing elit. Praesent eu pharetra justo, eu pulvinar libero. Sed mollis vestibulum nisl sodales volutpat. Integer luctus mauris nec massa suscipit efficitur. Cras rhoncus vestibulum erat quis scelerisque. Quisque commodo arcu porttitor tempus imperdiet. Phasellus vel est scelerisque lorem blandit pharetra at eget massa. Vivamus posuere velit in libero ornare placerat. Etiam justo dui, consequat vel nunc ut, egestas sodales ante. Ut vitae turpis lacinia, consequat velit eget, faucibus ex.",,
PWR022,true,ELEMENT CONTROL: EARTH,Control,3,4,,"Lorem ipsum dolor sit amet, consectetur adipiscing elit. Praesent eu pharetra justo, eu pulvinar libero. Sed mollis vestibulum nisl sodales volutpat. Integer luctus mauris nec massa suscipit efficitur. Cras rhoncus vestibulum erat quis scelerisque. Quisque commodo arcu porttitor tempus imperdiet. Phasellus vel est scelerisque lorem blandit pharetra at eget massa. Vivamus posuere velit in libero ornare placerat. Etiam justo dui, consequat vel nunc ut, egestas sodales ante. Ut vitae turpis lacinia, consequat velit eget, faucibus ex.",,
PWR023,true,ELEMENT CONTROL: FIRE,Control,3,4,,"Lorem ipsum dolor sit amet, consectetur adipiscing elit. Praesent eu pharetra justo, eu pulvinar libero. Sed mollis vestibulum nisl sodales volutpat. Integer luctus mauris nec massa suscipit efficitur. Cras rhoncus vestibulum erat quis scelerisque. Quisque commodo arcu porttitor tempus imperdiet. Phasellus vel est scelerisque lorem blandit pharetra at eget massa. Vivamus posuere velit in libero ornare placerat. Etiam justo dui, consequat vel nunc ut, egestas sodales ante. Ut vitae turpis lacinia, consequat velit eget, faucibus ex.",,
PWR024,false,ELEMENT CONTROL: PLANT,Control,3,4,,"Lorem ipsum dolor sit amet, consectetur adipiscing elit. Praesent eu pharetra justo, eu pulvinar libero. Sed mollis vestibulum nisl sodales volutpat. Integer luctus mauris nec massa suscipit efficitur. Cras rhoncus vestibulum erat quis scelerisque. Quisque commodo arcu porttitor tempus imperdiet. Phasellus vel est scelerisque lorem blandit pharetra at eget massa. Vivamus posuere velit in libero ornare placerat. Etiam justo dui, consequat vel nunc ut, egestas sodales ante. Ut vitae turpis lacinia, consequat velit eget, faucibus ex.",,
PWR025,true,ELEMENT CONTROL: WATER,Control,3,4,,"Lorem ipsum dolor sit amet, consectetur adipiscing elit. Praesent eu pharetra justo, eu pulvinar libero. Sed mollis vestibulum nisl sodales volutpat. Integer luctus mauris nec massa suscipit efficitur. Cras rhoncus vestibulum erat quis scelerisque. Quisque commodo arcu porttitor tempus imperdiet. Phasellus vel est scelerisque lorem blandit pharetra at eget massa. Vivamus posuere velit in libero ornare placerat. Etiam justo dui, consequat vel nunc ut, egestas sodales ante. Ut vitae turpis lacinia, consequat velit eget, faucibus ex.",,
PWR026,true,EMOTION CONTROL: FEAR,Mental,3,4,,"Lorem ipsum dolor sit amet, consectetur adipiscing elit. Praesent eu pharetra justo, eu pulvinar libero. Sed mollis vestibulum nisl sodales volutpat. Integer luctus mauris nec massa suscipit efficitur. Cras rhoncus vestibulum erat quis scelerisque. Quisque commodo arcu porttitor tempus imperdiet. Phasellus vel est scelerisque lorem blandit pharetra at eget massa. Vivamus posuere velit in libero ornare placerat. Etiam justo dui, consequat vel nunc ut, egestas sodales ante. Ut vitae turpis lacinia, consequat velit eget, faucibus ex.",,
PWR027,false,EMOTION CONTROL: LUST,Mental,3,4,,"Lorem ipsum dolor sit amet, consectetur adipiscing elit. Praesent eu pharetra justo, eu pulvinar libero. Sed mollis vestibulum nisl sodales volutpat. Integer luctus mauris nec massa suscipit efficitur. Cras rhoncus vestibulum erat quis scelerisque. Quisque commodo arcu porttitor tempus imperdiet. Phasellus vel est scelerisque lorem blandit pharetra at eget massa. Vivamus posuere velit in libero ornare placerat. Etiam justo dui, consequat vel nunc ut, egestas sodales ante. Ut vitae turpis lacinia, consequat velit eget, faucibus ex.",,
PWR028,true,EMOTION CONTROL: ATTRACTION,Mental,3,4,,"Lorem ipsum dolor sit amet, consectetur adipiscing elit. Praesent eu pharetra justo, eu pulvinar libero. Sed mollis vestibulum nisl sodales volutpat. Integer luctus mauris nec massa suscipit efficitur. Cras rhoncus vestibulum erat quis scelerisque. Quisque commodo arcu porttitor tempus imperdiet. Phasellus vel est scelerisque lorem blandit pharetra at eget massa. Vivamus posuere velit in libero ornare placerat. Etiam justo dui, consequat vel nunc ut, egestas sodales ante. Ut vitae turpis lacinia, consequat velit eget, faucibus ex.",,
PWR029,true,EMOTION CONTROL: ANGER,Mental,3,4,,"Lorem ipsum dolor sit amet, consectetur adipiscing elit. Praesent eu pharetra justo, eu pulvinar libero. Sed mollis vestibulum nisl sodales volutpat. Integer luctus mauris nec massa suscipit efficitur. Cras rhoncus vestibulum erat quis scelerisque. Quisque commodo arcu porttitor tempus imperdiet. Phasellus vel est scelerisque lorem blandit pharetra at eget massa. Vivamus posuere velit in libero ornare placerat. Etiam justo dui, consequat vel nunc ut, egestas sodales ante. Ut vitae turpis lacinia, consequat velit eget, faucibus ex.",,
PWR030,true,ENERGY CONTROL: COLD,Control,3,4,,"Lorem ipsum dolor sit amet, consectetur adipiscing elit. Praesent eu pharetra justo, eu pulvinar libero. Sed mollis vestibulum nisl sodales volutpat. Integer luctus mauris nec massa suscipit efficitur. Cras rhoncus vestibulum erat quis scelerisque. Quisque commodo arcu porttitor tempus imperdiet. Phasellus vel est scelerisque lorem blandit pharetra at eget massa. Vivamus posuere velit in libero ornare placerat. Etiam justo dui, consequat vel nunc ut, egestas sodales ante. Ut vitae turpis lacinia, consequat velit eget, faucibus ex.",,
PWR031,false,ENERGY CONTROL: DARKNESS,Control,3,4,,"Lorem ipsum dolor sit amet, consectetur adipiscing elit. Praesent eu pharetra justo, eu pulvinar libero. Sed mollis vestibulum nisl sodales volutpat. Integer luctus mauris nec massa suscipit efficitur. Cras rhoncus vestibulum erat quis scelerisque. Quisque commodo arcu porttitor tempus imperdiet. Phasellus vel est scelerisque lorem blandit pharetra at eget massa. Vivamus posuere velit in libero ornare placerat. Etiam justo dui, consequat vel nunc ut, egestas sodales ante. Ut vitae turpis lacinia, consequat velit eget, faucibus ex.",,
PWR032,true,ENERGY CONTROL: ELECTRICAL,Control,3,4,,"Lorem ipsum dolor sit amet, consectetur adipiscing elit. Praesent eu pharetra justo, eu pulvinar libero. Sed mollis vestibulum nisl sodales volutpat. Integer luctus mauris nec massa suscipit efficitur. Cras rhoncus vestibulum erat quis scelerisque. Quisque commodo arcu porttitor tempus imperdiet. Phasellus vel est scelerisque lorem blandit pharetra at eget massa. Vivamus posuere velit in libero ornare placerat. Etiam justo dui, consequat vel nunc ut, egestas sodales ante. Ut vitae turpis lacinia, consequat velit eget, faucibus ex.",,
PWR033,false,ENERGY CONTROL: FORCE,Control,3,4,,"Lorem ipsum dolor sit amet, consectetur adipiscing elit. Praesent eu pharetra justo, eu pulvinar libero. Sed mollis vestibulum nisl sodales volutpat. Integer luctus mauris nec massa suscipit efficitur. Cras rhoncus vestibulum erat quis scelerisque. Quisque commodo arcu porttitor tempus imperdiet. Phasellus vel est scelerisque lorem blandit pharetra at eget massa. Vivamus posuere velit in libero ornare placerat. Etiam justo dui, consequat vel nunc ut, egestas sodales ante. Ut vitae turpis lacinia, consequat velit eget, faucibus ex.",,
PWR034,true,ENERGY CONTROL: GRAVITY,Control,3,4,,"Lorem ipsum dolor sit amet, consectetur adipiscing elit. Praesent eu pharetra justo, eu pulvinar libero. Sed mollis vestibulum nisl sodales volutpat. Integer luctus mauris nec massa suscipit efficitur. Cras rhoncus vestibulum erat quis scelerisque. Quisque commodo arcu porttitor tempus imperdiet. Phasellus vel est scelerisque lorem blandit pharetra at eget massa. Vivamus posuere velit in libero ornare placerat. Etiam justo dui, consequat vel nunc ut, egestas sodales ante. Ut vitae turpis lacinia, consequat velit eget, faucibus ex.",,
PWR035,true,ENERGY CONTROL: LIGHT,Control,3,4,,"Lorem ipsum dolor sit amet, consectetur adipiscing elit. Praesent eu pharetra justo, eu pulvinar libero. Sed mollis vestibulum nisl sodales volutpat. Integer luctus mauris nec massa suscipit efficitur. Cras rhoncus vestibulum erat quis scelerisque. Quisque commodo arcu porttitor tempus imperdiet. Phasellus vel est scelerisque lorem blandit pharetra at eget massa. Vivamus posuere velit in libero ornare placerat. Etiam justo dui, consequat vel nunc ut, egestas sodales ante. Ut vitae turpis lacinia, consequat velit eget, faucibus ex.",,
PWR036,true,ENERGY CONTROL: MAGNETIC,Control,3,4,,"Lorem ipsum dolor sit amet, consectetur adipiscing elit. Praesent eu pharetra justo, eu pulvinar libero. Sed mollis vestibulum nisl sodales volutpat. Integer luctus mauris nec massa suscipit efficitur. Cras rhoncus vestibulum erat quis scelerisque. Quisque commodo arcu porttitor tempus imperdiet. Phasellus vel est scelerisque lorem blandit pharetra at eget massa. Vivamus posuere velit in libero ornare placerat. Etiam justo dui, consequat vel nunc ut, egestas sodales ante. Ut vitae turpis lacinia, consequat velit eget, faucibus ex.",,
PWR037,true,ENERGY CONTROL: RADIATION,Control,3,4,,"Lorem ipsum dolor sit amet, consectetur adipiscing elit. Praesent eu pharetra justo, eu pulvinar libero. Sed mollis vestibulum nisl sodales volutpat. Integer luctus mauris nec massa suscipit efficitur. Cras rhoncus vestibulum erat quis scelerisque. Quisque commodo arcu porttitor tempus imperdiet. Phasellus vel est scelerisque lorem blandit pharetra at eget massa. Vivamus posuere velit in libero ornare placerat. Etiam justo dui, consequat vel nunc ut, egestas sodales ante. Ut vitae turpis lacinia, consequat velit eget, faucibus ex.",,
PWR038,true,ENERGY CONTROL: SONIC,Control,3,4,,"Lorem ipsum dolor sit amet, consectetur adipiscing elit. Praesent eu pharetra justo, eu pulvinar libero. Sed mollis vestibulum nisl sodales volutpat. Integer luctus mauris nec massa suscipit efficitur. Cras rhoncus vestibulum erat quis scelerisque. Quisque commodo arcu porttitor tempus imperdiet. Phasellus vel est scelerisque lorem blandit pharetra at eget massa. Vivamus posuere velit in libero ornare placerat. Etiam justo dui, consequat vel nunc ut, egestas sodales ante. Ut vitae turpis lacinia, consequat velit eget, faucibus ex.",,
PWR039,false,ENERGY CONTROL: VIBRATION,Control,3,4,,"Lorem ipsum dolor sit amet, consectetur adipiscing elit. Praesent eu pharetra justo, eu pulvinar libero. Sed mollis vestibulum nisl sodales volutpat. Integer luctus mauris nec massa suscipit efficitur. Cras rhoncus vestibulum erat quis scelerisque. Quisque commodo arcu porttitor tempus imperdiet. Phasellus vel est scelerisque lorem blandit pharetra at eget massa. Vivamus posuere velit in libero ornare placerat. Etiam justo dui, consequat vel nunc ut, egestas sodales ante. Ut vitae turpis lacinia, consequat velit eget, faucibus ex.",,
PWR040,true,ENERGY DRAIN: STRENGHT,Offensive,3,4,,"Lorem ipsum dolor sit amet, consectetur adipiscing elit. Praesent eu pharetra justo, eu pulvinar libero. Sed mollis vestibulum nisl sodales volutpat. Integer luctus mauris nec massa suscipit efficitur. Cras rhoncus vestibulum erat quis scelerisque. Quisque commodo arcu porttitor tempus imperdiet. Phasellus vel est scelerisque lorem blandit pharetra at eget massa. Vivamus posuere velit in libero ornare placerat. Etiam justo dui, consequat vel nunc ut, egestas sodales ante. Ut vitae turpis lacinia, consequat velit eget, faucibus ex.",,
PWR041,true,ENERGY DRAIN: WILLPOWER,Offensive,3,4,,"Lorem ipsum dolor sit amet, consectetur adipiscing elit. Praesent eu pharetra justo, eu pulvinar libero. Sed mollis vestibulum nisl sodales volutpat. Integer luctus mauris nec massa suscipit efficitur. Cras rhoncus vestibulum erat quis scelerisque. Quisque commodo arcu porttitor tempus imperdiet. Phasellus vel est scelerisque lorem blandit pharetra at eget massa. Vivamus posuere velit in libero ornare placerat. Etiam justo dui, consequat vel nunc ut, egestas sodales ante. Ut vitae turpis lacinia, consequat velit eget, faucibus ex.",,
PWR042,true,EXTRA BODY PARTS,Alteration,3,4,,"Lorem ipsum dolor sit amet, consectetur adipiscing elit. Praesent eu pharetra justo, eu pulvinar libero. Sed mollis vestibulum nisl sodales volutpat. Integer luctus mauris nec massa suscipit efficitur. Cras rhoncus vestibulum erat quis scelerisque. Quisque commodo arcu porttitor tempus imperdiet. Phasellus vel est scelerisque lorem blandit pharetra at eget massa. Vivamus posuere velit in libero ornare placerat. Etiam justo dui, consequat vel nunc ut, egestas sodales ante. Ut vitae turpis lacinia, consequat velit eget, faucibus ex.","This power requires you to make those choices during character creation :


Choose one of the following forms of this power :
Carapace: A hard shell, granting Damage Resistance equal to your power level.
Claws: You have a slashing Strike power at your power level.
Tail: You can use your tail as if it were an extra arm. You gain the Fast Attack power at your power level.
Tentacles: You have powerful tentacles growing out of your shoulders, back, or sides, or even be tendrils of long, prehensile hair. They grant you Strength or situational Streching equal to your power level and you can take the other as an extra.
Wings: You have functional wings (bird-, bat-, or insect-like). You gain the Flight power at your power level.","During character creation or later during character development you can take specific extra efftect:
Universal tentacles : Choose the second option for tentacle version of this power"
PWR043,true,FAST ATTACK,Offensive,3,4,,"Lorem ipsum dolor sit amet, consectetur adipiscing elit. Praesent eu pharetra justo, eu pulvinar libero. Sed mollis vestibulum nisl sodales volutpat. Integer luctus mauris nec massa suscipit efficitur. Cras rhoncus vestibulum erat quis scelerisque. Quisque commodo arcu porttitor tempus imperdiet. Phasellus vel est scelerisque lorem blandit pharetra at eget massa. Vivamus posuere velit in libero ornare placerat. Etiam justo dui, consequat vel nunc ut, egestas sodales ante. Ut vitae turpis lacinia, consequat velit eget, faucibus ex.",,
PWR044,true,FLIGHT,Movement,3,4,,"Lorem ipsum dolor sit amet, consectetur adipiscing elit. Praesent eu pharetra justo, eu pulvinar libero. Sed mollis vestibulum nisl sodales volutpat. Integer luctus mauris nec massa suscipit efficitur. Cras rhoncus vestibulum erat quis scelerisque. Quisque commodo arcu porttitor tempus imperdiet. Phasellus vel est scelerisque lorem blandit pharetra at eget massa. Vivamus posuere velit in libero ornare placerat. Etiam justo dui, consequat vel nunc ut, egestas sodales ante. Ut vitae turpis lacinia, consequat velit eget, faucibus ex.",,
PWR045,true,FORCE FIELD,Defensive,3,4,,"Lorem ipsum dolor sit amet, consectetur adipiscing elit. Praesent eu pharetra justo, eu pulvinar libero. Sed mollis vestibulum nisl sodales volutpat. Integer luctus mauris nec massa suscipit efficitur. Cras rhoncus vestibulum erat quis scelerisque. Quisque commodo arcu porttitor tempus imperdiet. Phasellus vel est scelerisque lorem blandit pharetra at eget massa. Vivamus posuere velit in libero ornare placerat. Etiam justo dui, consequat vel nunc ut, egestas sodales ante. Ut vitae turpis lacinia, consequat velit eget, faucibus ex.",,
PWR046,true,GROWTH,Alteration,3,4,,"Lorem ipsum dolor sit amet, consectetur adipiscing elit. Praesent eu pharetra justo, eu pulvinar libero. Sed mollis vestibulum nisl sodales volutpat. Integer luctus mauris nec massa suscipit efficitur. Cras rhoncus vestibulum erat quis scelerisque. Quisque commodo arcu porttitor tempus imperdiet. Phasellus vel est scelerisque lorem blandit pharetra at eget massa. Vivamus posuere velit in libero ornare placerat. Etiam justo dui, consequat vel nunc ut, egestas sodales ante. Ut vitae turpis lacinia, consequat velit eget, faucibus ex.",,
PWR047,true,HEALING,Control,3,4,,"Lorem ipsum dolor sit amet, consectetur adipiscing elit. Praesent eu pharetra justo, eu pulvinar libero. Sed mollis vestibulum nisl sodales volutpat. Integer luctus mauris nec massa suscipit efficitur. Cras rhoncus vestibulum erat quis scelerisque. Quisque commodo arcu porttitor tempus imperdiet. Phasellus vel est scelerisque lorem blandit pharetra at eget massa. Vivamus posuere velit in libero ornare placerat. Etiam justo dui, consequat vel nunc ut, egestas sodales ante. Ut vitae turpis lacinia, consequat velit eget, faucibus ex.",,
PWR048,true,IMMORTALITY,Defensive,3,4,,"Lorem ipsum dolor sit amet, consectetur adipiscing elit. Praesent eu pharetra justo, eu pulvinar libero. Sed mollis vestibulum nisl sodales volutpat. Integer luctus mauris nec massa suscipit efficitur. Cras rhoncus vestibulum erat quis scelerisque. Quisque commodo arcu porttitor tempus imperdiet. Phasellus vel est scelerisque lorem blandit pharetra at eget massa. Vivamus posuere velit in libero ornare placerat. Etiam justo dui, consequat vel nunc ut, egestas sodales ante. Ut vitae turpis lacinia, consequat velit eget, faucibus ex.",,
PWR049,true,INTERFACE,Sensory,3,4,,"Lorem ipsum dolor sit amet, consectetur adipiscing elit. Praesent eu pharetra justo, eu pulvinar libero. Sed mollis vestibulum nisl sodales volutpat. Integer luctus mauris nec massa suscipit efficitur. Cras rhoncus vestibulum erat quis scelerisque. Quisque commodo arcu porttitor tempus imperdiet. Phasellus vel est scelerisque lorem blandit pharetra at eget massa. Vivamus posuere velit in libero ornare placerat. Etiam justo dui, consequat vel nunc ut, egestas sodales ante. Ut vitae turpis lacinia, consequat velit eget, faucibus ex.",,
PWR050,true,INVISIBILITY,Alteration,3,4,,"Lorem ipsum dolor sit amet, consectetur adipiscing elit. Praesent eu pharetra justo, eu pulvinar libero. Sed mollis vestibulum nisl sodales volutpat. Integer luctus mauris nec massa suscipit efficitur. Cras rhoncus vestibulum erat quis scelerisque. Quisque commodo arcu porttitor tempus imperdiet. Phasellus vel est scelerisque lorem blandit pharetra at eget massa. Vivamus posuere velit in libero ornare placerat. Etiam justo dui, consequat vel nunc ut, egestas sodales ante. Ut vitae turpis lacinia, consequat velit eget, faucibus ex.",,
PWR051,true,LEAPING,Movement,3,4,,"Lorem ipsum dolor sit amet, consectetur adipiscing elit. Praesent eu pharetra justo, eu pulvinar libero. Sed mollis vestibulum nisl sodales volutpat. Integer luctus mauris nec massa suscipit efficitur. Cras rhoncus vestibulum erat quis scelerisque. Quisque commodo arcu porttitor tempus imperdiet. Phasellus vel est scelerisque lorem blandit pharetra at eget massa. Vivamus posuere velit in libero ornare placerat. Etiam justo dui, consequat vel nunc ut, egestas sodales ante. Ut vitae turpis lacinia, consequat velit eget, faucibus ex.",,
PWR052,true,LIFE SUPPORT,Defensive,3,4,,"Lorem ipsum dolor sit amet, consectetur adipiscing elit. Praesent eu pharetra justo, eu pulvinar libero. Sed mollis vestibulum nisl sodales volutpat. Integer luctus mauris nec massa suscipit efficitur. Cras rhoncus vestibulum erat quis scelerisque. Quisque commodo arcu porttitor tempus imperdiet. Phasellus vel est scelerisque lorem blandit pharetra at eget massa. Vivamus posuere velit in libero ornare placerat. Etiam justo dui, consequat vel nunc ut, egestas sodales ante. Ut vitae turpis lacinia, consequat velit eget, faucibus ex.",,
PWR053,true,MENTAL BLAST,Mental,3,4,,"Lorem ipsum dolor sit amet, consectetur adipiscing elit. Praesent eu pharetra justo, eu pulvinar libero. Sed mollis vestibulum nisl sodales volutpat. Integer luctus mauris nec massa suscipit efficitur. Cras rhoncus vestibulum erat quis scelerisque. Quisque commodo arcu porttitor tempus imperdiet. Phasellus vel est scelerisque lorem blandit pharetra at eget massa. Vivamus posuere velit in libero ornare placerat. Etiam justo dui, consequat vel nunc ut, egestas sodales ante. Ut vitae turpis lacinia, consequat velit eget, faucibus ex.",,
PWR054,true,PHASING,Alteration,3,4,,"Lorem ipsum dolor sit amet, consectetur adipiscing elit. Praesent eu pharetra justo, eu pulvinar libero. Sed mollis vestibulum nisl sodales volutpat. Integer luctus mauris nec massa suscipit efficitur. Cras rhoncus vestibulum erat quis scelerisque. Quisque commodo arcu porttitor tempus imperdiet. Phasellus vel est scelerisque lorem blandit pharetra at eget massa. Vivamus posuere velit in libero ornare placerat. Etiam justo dui, consequat vel nunc ut, egestas sodales ante. Ut vitae turpis lacinia, consequat velit eget, faucibus ex.",,
PWR055,true,PROBABILITY CONTROL: GOOD LUCK,Control,3,4,,"Lorem ipsum dolor sit amet, consectetur adipiscing elit. Praesent eu pharetra justo, eu pulvinar libero. Sed mollis vestibulum nisl sodales volutpat. Integer luctus mauris nec massa suscipit efficitur. Cras rhoncus vestibulum erat quis scelerisque. Quisque commodo arcu porttitor tempus imperdiet. Phasellus vel est scelerisque lorem blandit pharetra at eget massa. Vivamus posuere velit in libero ornare placerat. Etiam justo dui, consequat vel nunc ut, egestas sodales ante. Ut vitae turpis lacinia, consequat velit eget, faucibus ex.",,
PWR056,true,PROBABILITY CONTROL: BAD LUCK,Control,3,4,,"Lorem ipsum dolor sit amet, consectetur adipiscing elit. Praesent eu pharetra justo, eu pulvinar libero. Sed mollis vestibulum nisl sodales volutpat. Integer luctus mauris nec massa suscipit efficitur. Cras rhoncus vestibulum erat quis scelerisque. Quisque commodo arcu porttitor tempus imperdiet. Phasellus vel est scelerisque lorem blandit pharetra at eget massa. Vivamus posuere velit in libero ornare placerat. Etiam justo dui, consequat vel nunc ut, egestas sodales ante. Ut vitae turpis lacinia, consequat velit eget, faucibus ex.",,
PWR057,true,REFLECTION,Defensive,3,4,,"Lorem ipsum dolor sit amet, consectetur adipiscing elit. Praesent eu pharetra justo, eu pulvinar libero. Sed mollis vestibulum nisl sodales volutpat. Integer luctus mauris nec massa suscipit efficitur. Cras rhoncus vestibulum erat quis scelerisque. Quisque commodo arcu porttitor tempus imperdiet. Phasellus vel est scelerisque lorem blandit pharetra at eget massa. Vivamus posuere velit in libero ornare placerat. Etiam justo dui, consequat vel nunc ut, egestas sodales ante. Ut vitae turpis lacinia, consequat velit eget, faucibus ex.",,
PWR058,true,REGENERATION,Defensive,3,4,,"Lorem ipsum dolor sit amet, consectetur adipiscing elit. Praesent eu pharetra justo, eu pulvinar libero. Sed mollis vestibulum nisl sodales volutpat. Integer luctus mauris nec massa suscipit efficitur. Cras rhoncus vestibulum erat quis scelerisque. Quisque commodo arcu porttitor tempus imperdiet. Phasellus vel est scelerisque lorem blandit pharetra at eget massa. Vivamus posuere velit in libero ornare placerat. Etiam justo dui, consequat vel nunc ut, egestas sodales ante. Ut vitae turpis lacinia, consequat velit eget, faucibus ex.",,
PWR059,true,RESISTANCE: DAMAGE,Defensive,3,4,,"Lorem ipsum dolor sit amet, consectetur adipiscing elit. Praesent eu pharetra justo, eu pulvinar libero. Sed mollis vestibulum nisl sodales volutpat. Integer luctus mauris nec massa suscipit efficitur. Cras rhoncus vestibulum erat quis scelerisque. Quisque commodo arcu porttitor tempus imperdiet. Phasellus vel est scelerisque lorem blandit pharetra at eget massa. Vivamus posuere velit in libero ornare placerat. Etiam justo dui, consequat vel nunc ut, egestas sodales ante. Ut vitae turpis lacinia, consequat velit eget, faucibus ex.",,
PWR060,true,RESISTANCE: ABILITY LOSS,Defensive,3,4,,"Lorem ipsum dolor sit amet, consectetur adipiscing elit. Praesent eu pharetra justo, eu pulvinar libero. Sed mollis vestibulum nisl sodales volutpat. Integer luctus mauris nec massa suscipit efficitur. Cras rhoncus vestibulum erat quis scelerisque. Quisque commodo arcu porttitor tempus imperdiet. Phasellus vel est scelerisque lorem blandit pharetra at eget massa. Vivamus posuere velit in libero ornare placerat. Etiam justo dui, consequat vel nunc ut, egestas sodales ante. Ut vitae turpis lacinia, consequat velit eget, faucibus ex.",,
PWR061,true,RESISTANCE: MENTAL,Defensive,3,4,,"Lorem ipsum dolor sit amet, consectetur adipiscing elit. Praesent eu pharetra justo, eu pulvinar libero. Sed mollis vestibulum nisl sodales volutpat. Integer luctus mauris nec massa suscipit efficitur. Cras rhoncus vestibulum erat quis scelerisque. Quisque commodo arcu porttitor tempus imperdiet. Phasellus vel est scelerisque lorem blandit pharetra at eget massa. Vivamus posuere velit in libero ornare placerat. Etiam justo dui, consequat vel nunc ut, egestas sodales ante. Ut vitae turpis lacinia, consequat velit eget, faucibus ex.",,
PWR062,true,RESISTANCE: BINDING,Defensive,3,4,,"Lorem ipsum dolor sit amet, consectetur adipiscing elit. Praesent eu pharetra justo, eu pulvinar libero. Sed mollis vestibulum nisl sodales volutpat. Integer luctus mauris nec massa suscipit efficitur. Cras rhoncus vestibulum erat quis scelerisque. Quisque commodo arcu porttitor tempus imperdiet. Phasellus vel est scelerisque lorem blandit pharetra at eget massa. Vivamus posuere velit in libero ornare placerat. Etiam justo dui, consequat vel nunc ut, egestas sodales ante. Ut vitae turpis lacinia, consequat velit eget, faucibus ex.",,
PWR063,true,SHRINKING,Alteration,3,4,,"Lorem ipsum dolor sit amet, consectetur adipiscing elit. Praesent eu pharetra justo, eu pulvinar libero. Sed mollis vestibulum nisl sodales volutpat. Integer luctus mauris nec massa suscipit efficitur. Cras rhoncus vestibulum erat quis scelerisque. Quisque commodo arcu porttitor tempus imperdiet. Phasellus vel est scelerisque lorem blandit pharetra at eget massa. Vivamus posuere velit in libero ornare placerat. Etiam justo dui, consequat vel nunc ut, egestas sodales ante. Ut vitae turpis lacinia, consequat velit eget, faucibus ex.",,
PWR064,true,SPINNING,Movement,3,4,,"Lorem ipsum dolor sit amet, consectetur adipiscing elit. Praesent eu pharetra justo, eu pulvinar libero. Sed mollis vestibulum nisl sodales volutpat. Integer luctus mauris nec massa suscipit efficitur. Cras rhoncus vestibulum erat quis scelerisque. Quisque commodo arcu porttitor tempus imperdiet. Phasellus vel est scelerisque lorem blandit pharetra at eget massa. Vivamus posuere velit in libero ornare placerat. Etiam justo dui, consequat vel nunc ut, egestas sodales ante. Ut vitae turpis lacinia, consequat velit eget, faucibus ex.",,
PWR065,true,STRETCHING,Alteration,3,4,,"Lorem ipsum dolor sit amet, consectetur adipiscing elit. Praesent eu pharetra justo, eu pulvinar libero. Sed mollis vestibulum nisl sodales volutpat. Integer luctus mauris nec massa suscipit efficitur. Cras rhoncus vestibulum erat quis scelerisque. Quisque commodo arcu porttitor tempus imperdiet. Phasellus vel est scelerisque lorem blandit pharetra at eget massa. Vivamus posuere velit in libero ornare placerat. Etiam justo dui, consequat vel nunc ut, egestas sodales ante. Ut vitae turpis lacinia, consequat velit eget, faucibus ex.",,
PWR066,true,STRIKE,Offensive,3,4,,"Lorem ipsum dolor sit amet, consectetur adipiscing elit. Praesent eu pharetra justo, eu pulvinar libero. Sed mollis vestibulum nisl sodales volutpat. Integer luctus mauris nec massa suscipit efficitur. Cras rhoncus vestibulum erat quis scelerisque. Quisque commodo arcu porttitor tempus imperdiet. Phasellus vel est scelerisque lorem blandit pharetra at eget massa. Vivamus posuere velit in libero ornare placerat. Etiam justo dui, consequat vel nunc ut, egestas sodales ante. Ut vitae turpis lacinia, consequat velit eget, faucibus ex.",,
PWR067,true,STUNNING,Offensive,3,4,,"Lorem ipsum dolor sit amet, consectetur adipiscing elit. Praesent eu pharetra justo, eu pulvinar libero. Sed mollis vestibulum nisl sodales volutpat. Integer luctus mauris nec massa suscipit efficitur. Cras rhoncus vestibulum erat quis scelerisque. Quisque commodo arcu porttitor tempus imperdiet. Phasellus vel est scelerisque lorem blandit pharetra at eget massa. Vivamus posuere velit in libero ornare placerat. Etiam justo dui, consequat vel nunc ut, egestas sodales ante. Ut vitae turpis lacinia, consequat velit eget, faucibus ex.",,
PWR068,true,SUPER-SENSES: ADDITIONAL,Control,3,4,,"Lorem ipsum dolor sit amet, consectetur adipiscing elit. Praesent eu pharetra justo, eu pulvinar libero. Sed mollis vestibulum nisl sodales volutpat. Integer luctus mauris nec massa suscipit efficitur. Cras rhoncus vestibulum erat quis scelerisque. Quisque commodo arcu porttitor tempus imperdiet. Phasellus vel est scelerisque lorem blandit pharetra at eget massa. Vivamus posuere velit in libero ornare placerat. Etiam justo dui, consequat vel nunc ut, egestas sodales ante. Ut vitae turpis lacinia, consequat velit eget, faucibus ex.",,
PWR069,true,SUPER-SENSES: ENHANCED,Control,3,4,,"Lorem ipsum dolor sit amet, consectetur adipiscing elit. Praesent eu pharetra justo, eu pulvinar libero. Sed mollis vestibulum nisl sodales volutpat. Integer luctus mauris nec massa suscipit efficitur. Cras rhoncus vestibulum erat quis scelerisque. Quisque commodo arcu porttitor tempus imperdiet. Phasellus vel est scelerisque lorem blandit pharetra at eget massa. Vivamus posuere velit in libero ornare placerat. Etiam justo dui, consequat vel nunc ut, egestas sodales ante. Ut vitae turpis lacinia, consequat velit eget, faucibus ex.",,
PWR070,true,SUPER-SENSES: EXTENDED,Control,3,4,,"Lorem ipsum dolor sit amet, consectetur adipiscing elit. Praesent eu pharetra justo, eu pulvinar libero. Sed mollis vestibulum nisl sodales volutpat. Integer luctus mauris nec massa suscipit efficitur. Cras rhoncus vestibulum erat quis scelerisque. Quisque commodo arcu porttitor tempus imperdiet. Phasellus vel est scelerisque lorem blandit pharetra at eget massa. Vivamus posuere velit in libero ornare placerat. Etiam justo dui, consequat vel nunc ut, egestas sodales ante. Ut vitae turpis lacinia, consequat velit eget, faucibus ex.",,
PWR071,true,SUPER-SPEED,Movement,3,4,,"Lorem ipsum dolor sit amet, consectetur adipiscing elit. Praesent eu pharetra justo, eu pulvinar libero. Sed mollis vestibulum nisl sodales volutpat. Integer luctus mauris nec massa suscipit efficitur. Cras rhoncus vestibulum erat quis scelerisque. Quisque commodo arcu porttitor tempus imperdiet. Phasellus vel est scelerisque lorem blandit pharetra at eget massa. Vivamus posuere velit in libero ornare placerat. Etiam justo dui, consequat vel nunc ut, egestas sodales ante. Ut vitae turpis lacinia, consequat velit eget, faucibus ex.",,
PWR072,true,SWINGING,Movement,3,4,,"Lorem ipsum dolor sit amet, consectetur adipiscing elit. Praesent eu pharetra justo, eu pulvinar libero. Sed mollis vestibulum nisl sodales volutpat. Integer luctus mauris nec massa suscipit efficitur. Cras rhoncus vestibulum erat quis scelerisque. Quisque commodo arcu porttitor tempus imperdiet. Phasellus vel est scelerisque lorem blandit pharetra at eget massa. Vivamus posuere velit in libero ornare placerat. Etiam justo dui, consequat vel nunc ut, egestas sodales ante. Ut vitae turpis lacinia, consequat velit eget, faucibus ex.",,
PWR073,true,TELEKINESIS,Control,3,4,,"Lorem ipsum dolor sit amet, consectetur adipiscing elit. Praesent eu pharetra justo, eu pulvinar libero. Sed mollis vestibulum nisl sodales volutpat. Integer luctus mauris nec massa suscipit efficitur. Cras rhoncus vestibulum erat quis scelerisque. Quisque commodo arcu porttitor tempus imperdiet. Phasellus vel est scelerisque lorem blandit pharetra at eget massa. Vivamus posuere velit in libero ornare placerat. Etiam justo dui, consequat vel nunc ut, egestas sodales ante. Ut vitae turpis lacinia, consequat velit eget, faucibus ex.",,
PWR074,true,TELEPATHY,Mental,3,4,,"Lorem ipsum dolor sit amet, consectetur adipiscing elit. Praesent eu pharetra justo, eu pulvinar libero. Sed mollis vestibulum nisl sodales volutpat. Integer luctus mauris nec massa suscipit efficitur. Cras rhoncus vestibulum erat quis scelerisque. Quisque commodo arcu porttitor tempus imperdiet. Phasellus vel est scelerisque lorem blandit pharetra at eget massa. Vivamus posuere velit in libero ornare placerat. Etiam justo dui, consequat vel nunc ut, egestas sodales ante. Ut vitae turpis lacinia, consequat velit eget, faucibus ex.",,
PWR075,true,TELEPORTATION,Movement,3,4,,"Lorem ipsum dolor sit amet, consectetur adipiscing elit. Praesent eu pharetra justo, eu pulvinar libero. Sed mollis vestibulum nisl sodales volutpat. Integer luctus mauris nec massa suscipit efficitur. Cras rhoncus vestibulum erat quis scelerisque. Quisque commodo arcu porttitor tempus imperdiet. Phasellus vel est scelerisque lorem blandit pharetra at eget massa. Vivamus posuere velit in libero ornare placerat. Etiam justo dui, consequat vel nunc ut, egestas sodales ante. Ut vitae turpis lacinia, consequat velit eget, faucibus ex.",,
PWR076,true,WALL-CRAWLING,Movement,3,4,,"Lorem ipsum dolor sit amet, consectetur adipiscing elit. Praesent eu pharetra justo, eu pulvinar libero. Sed mollis vestibulum nisl sodales volutpat. Integer luctus mauris nec massa suscipit efficitur. Cras rhoncus vestibulum erat quis scelerisque. Quisque commodo arcu porttitor tempus imperdiet. Phasellus vel est scelerisque lorem blandit pharetra at eget massa. Vivamus posuere velit in libero ornare placerat. Etiam justo dui, consequat vel nunc ut, egestas sodales ante. Ut vitae turpis lacinia, consequat velit eget, faucibus ex.",,
,,
